{
    "test_accuracy": 0.9747520288548241,
    "test_precision": 1.0,
    "test_recall": 0.8120805369127517,
    "test_f1_score": 0.8962962962962964,
    "confusion_matrix": {
        "true_negatives": 960,
        "false_positives": 0,
        "false_negatives": 28,
        "true_positives": 121
    }
}